City_ID,City,Country,Date,Lat,Lng,Max Temp,Humidity,Cloudiness,Wind Speed
0,Yining,CN,2022-01-30 19:35:06,29.0361,114.5636,37.15,86,100,1.92
1,Manaure,CO,2022-01-30 19:35:07,11.7751,-72.4445,84.31,69,1,17.02
2,Tasiilaq,GL,2022-01-30 19:35:07,65.6145,-37.6368,8.76,37,94,22.75
3,Galle,LK,2022-01-30 19:35:07,6.0367,80.217,76.71,88,28,4.47
4,Victoria,HK,2022-01-30 19:35:08,22.2855,114.1577,59.32,76,90,1.99
5,Saint-Philippe,RE,2022-01-30 19:35:08,-21.3585,55.7679,80.19,82,60,14.36
6,Castro,BR,2022-01-30 19:35:08,-24.7911,-50.0119,63.66,99,100,5.93
7,Alta Floresta,BR,2022-01-30 19:35:09,-9.8756,-56.0861,85.82,70,75,8.05
8,Klaksvik,FO,2022-01-30 19:35:09,62.2266,-6.589,34.72,97,100,18.57
9,Aqtobe,KZ,2022-01-30 19:30:21,50.2797,57.2072,26.69,86,75,22.37
10,Clyde River,CA,2022-01-30 19:35:09,70.4692,-68.5914,-19.97,69,75,3.44
11,Dikson,RU,2022-01-30 19:33:47,73.5069,80.5464,-3.96,94,100,21.03
12,Port Elizabeth,ZA,2022-01-30 19:33:41,-33.918,25.5701,75.09,88,20,13.8
13,Turukhansk,RU,2022-01-30 19:35:10,65.8167,87.9833,0.39,95,98,9.06
14,Jamestown,US,2022-01-30 19:32:55,42.097,-79.2353,21.02,42,100,3.0
15,Mahenge,TZ,2022-01-30 19:35:10,-8.6833,36.7167,64.36,97,100,1.36
16,Camana,PE,2022-01-30 19:35:11,-16.6228,-72.7111,73.78,66,32,8.59
17,Ushuaia,AR,2022-01-30 19:33:20,-54.8,-68.3,47.86,71,75,29.93
18,East London,ZA,2022-01-30 19:35:11,-33.0153,27.9116,75.04,83,91,15.84
19,Naryan-Mar,RU,2022-01-30 19:35:12,67.6713,53.087,11.71,93,100,13.58
20,Tartagal,AR,2022-01-30 19:35:12,-22.5164,-63.8013,91.22,30,1,5.86
21,Paamiut,GL,2022-01-30 19:33:46,61.994,-49.6678,10.08,77,100,4.79
22,Codrington,AU,2022-01-30 19:33:24,-38.2667,141.9667,64.18,93,71,5.99
23,Omboue,GA,2022-01-30 19:35:12,-1.5746,9.2618,78.91,82,100,4.07
24,Cayenne,GF,2022-01-30 19:35:13,4.9333,-52.3333,78.84,89,75,5.01
25,Qaanaaq,GL,2022-01-30 19:35:13,77.484,-69.3632,-7.87,71,100,8.3
26,Iskateley,RU,2022-01-30 19:35:13,67.6803,53.1512,11.71,93,100,13.67
27,Ponta Do Sol,PT,2022-01-30 19:35:14,32.6667,-17.1,66.13,52,1,9.48
28,Pisco,PE,2022-01-30 19:31:25,-13.7,-76.2167,75.25,64,0,6.91
29,Kamskiye Polyany,RU,2022-01-30 19:35:14,55.4307,51.4171,18.41,98,99,2.13
30,Sorland,NO,2022-01-30 19:35:15,67.667,12.6934,33.66,47,97,9.78
31,Voskresenskoye,RU,2022-01-30 19:35:15,56.8381,45.4317,15.03,97,95,4.38
32,Guarapari,BR,2022-01-30 19:35:15,-20.6667,-40.4975,84.09,80,93,6.89
33,Hermanus,ZA,2022-01-30 19:35:16,-34.4187,19.2345,70.81,82,100,14.25
34,Port Alfred,ZA,2022-01-30 19:33:19,-33.5906,26.891,74.59,86,100,21.05
35,Krasnoselkup,RU,2022-01-30 19:35:16,65.7,82.4667,-5.08,98,96,8.19
36,Necochea,AR,2022-01-30 19:30:33,-38.5473,-58.7368,68.04,69,100,16.06
37,Margate,GB,2022-01-30 19:35:16,51.3813,1.3862,42.96,79,100,4.0
38,Diu,IN,2022-01-30 19:35:17,20.7141,70.9822,65.53,50,0,8.99
39,Kasongo-Lunda,CD,2022-01-30 19:35:17,-6.4667,16.8167,74.98,79,100,1.86
40,Chuy,UY,2022-01-30 19:35:17,-33.6971,-53.4616,78.87,53,64,13.62
41,Kulhudhuffushi,MV,2022-01-30 19:35:18,6.6221,73.07,80.92,76,36,8.7
42,Coihaique,CL,2022-01-30 19:35:18,-45.5752,-72.0662,59.61,45,31,12.71
43,Inirida,CO,2022-01-30 19:35:18,3.8653,-67.9239,95.2,29,9,2.04
44,Dublin,US,2022-01-30 19:30:57,37.7021,-121.9358,61.5,63,0,1.01
45,Saint George,US,2022-01-30 19:35:19,37.1041,-113.5841,59.47,20,0,3.0
46,Punta Arenas,CL,2022-01-30 19:35:19,-53.15,-70.9167,53.71,43,75,32.21
47,Mahebourg,MU,2022-01-30 19:35:19,-20.4081,57.7,80.89,83,40,13.8
48,Maldonado,UY,2022-01-30 19:36:20,-34.6667,-54.9167,85.39,44,0,9.82
49,Mar Del Plata,AR,2022-01-30 19:36:20,-38.0023,-57.5575,84.22,48,75,18.41
50,Ostrovnoy,RU,2022-01-30 19:36:21,68.0531,39.5131,2.71,98,99,7.99
51,Gimbi,ET,2022-01-30 19:36:21,9.1667,35.8333,62.4,42,17,4.07
52,Lebu,CL,2022-01-30 19:36:21,-37.6167,-73.65,62.22,62,1,17.65
53,Maltahohe,NA,2022-01-30 19:36:22,-24.8333,16.9833,74.21,63,33,16.58
54,Whitewater,US,2022-01-30 19:36:22,42.8336,-88.7323,29.68,83,100,9.4
55,High Rock,BS,2022-01-30 19:36:22,26.6208,-78.2833,64.42,58,100,11.27
56,San Vicente,AR,2022-01-30 19:36:23,-26.6167,-54.1333,84.43,39,41,5.77
57,Schwalmstadt,DE,2022-01-30 19:36:23,50.9333,9.2167,37.81,88,28,5.64
58,Arraial Do Cabo,BR,2022-01-30 19:36:23,-22.9661,-42.0278,85.96,70,40,11.5
59,Moose Factory,CA,2022-01-30 19:36:24,51.2585,-80.6094,-2.2,65,0,11.5
60,Raga,SS,2022-01-30 19:35:39,8.4596,25.678,70.68,19,71,3.56
61,Chapais,CA,2022-01-30 19:36:24,49.7834,-74.8492,2.98,86,100,9.19
62,Torbay,CA,2022-01-30 19:36:24,47.6666,-52.7314,45.37,80,100,32.21
63,Cape Town,ZA,2022-01-30 19:34:22,-33.9258,18.4232,69.12,81,0,5.99
64,Nanortalik,GL,2022-01-30 19:36:25,60.1432,-45.2371,18.72,67,100,15.39
65,Peniche,PT,2022-01-30 19:36:25,39.3558,-9.3811,58.62,59,12,5.88
66,Maceio,BR,2022-01-30 19:36:26,-9.6658,-35.7353,87.24,66,75,14.97
67,Mutare,ZW,2022-01-30 19:36:26,-18.9707,32.6709,61.83,98,13,4.14
68,Longyearbyen,SJ,2022-01-30 19:32:57,78.2186,15.6401,8.44,66,0,19.57
69,Dobrljin,BA,2022-01-30 19:36:26,45.1533,16.4775,35.49,75,0,3.36
70,Busselton,AU,2022-01-30 19:33:19,-33.65,115.3333,64.09,65,88,18.79
71,Ghanzi,BW,2022-01-30 19:36:27,-21.5667,21.7833,70.59,77,100,11.77
72,The Valley,AI,2022-01-30 19:36:27,18.217,-63.0578,84.06,69,40,11.5
73,Lernakert,AM,2022-01-30 19:36:27,40.5617,43.9392,15.3,93,76,4.99
74,Hamilton,US,2022-01-30 19:36:17,39.1834,-84.5333,40.75,55,0,1.01
75,Mana,GF,2022-01-30 19:36:28,5.6592,-53.7767,81.32,70,73,10.76
76,Maracaju,BR,2022-01-30 19:36:28,-21.6144,-55.1683,84.97,63,16,5.77
77,Arkhangelsk,RU,2022-01-30 19:36:29,64.5401,40.5433,15.91,85,100,6.71
78,Vila Velha,BR,2022-01-30 19:36:29,-20.3297,-40.2925,84.15,70,75,9.22
79,Hithadhoo,MV,2022-01-30 19:36:29,-0.6,73.0833,81.61,70,100,7.78
80,Souillac,MU,2022-01-30 19:32:04,-20.5167,57.5167,80.98,83,40,13.8
81,General Roca,AR,2022-01-30 19:33:24,-39.0333,-67.5833,81.0,14,4,25.86
82,Daman,IN,2022-01-30 19:36:30,20.4167,72.85,68.77,42,0,3.69
83,Upernavik,GL,2022-01-30 19:35:11,72.7868,-56.1549,-5.06,65,100,9.51
84,Basavana Bagevadi,IN,2022-01-30 19:36:30,16.5833,75.9667,71.85,31,3,6.6
85,Haljala,EE,2022-01-30 19:36:30,59.4336,26.2614,28.71,97,100,13.78
86,Oistins,BB,2022-01-30 19:36:31,13.0667,-59.5333,82.49,61,40,19.57
87,Sao Desiderio,BR,2022-01-30 19:36:31,-12.3633,-44.9733,78.42,77,100,6.26
88,Laguna,US,2022-01-30 19:34:51,38.421,-121.4238,60.66,67,0,1.99
89,Ilulissat,GL,2022-01-30 19:35:18,69.2167,-51.1,8.62,66,75,18.41
90,Olonets,RU,2022-01-30 19:36:32,60.9847,32.9698,22.03,95,100,9.31
91,Sloboda,RU,2022-01-30 19:36:32,51.1421,40.3021,28.72,95,100,16.28
92,Ribeira Grande,PT,2022-01-30 19:37:32,38.5167,-28.7,59.4,58,40,20.71
93,Oriximina,BR,2022-01-30 19:37:33,-1.7656,-55.8661,80.42,77,100,4.63
94,Bredasdorp,ZA,2022-01-30 19:37:33,-34.5322,20.0403,70.92,78,100,10.36
95,Chimore,BO,2022-01-30 19:37:34,-16.9833,-65.1333,91.81,40,100,2.93
96,Krasnoye,UA,2022-01-30 19:37:34,49.9145,24.6134,34.95,89,100,25.79
97,Sur,OM,2022-01-30 19:37:34,22.5667,59.5289,71.91,64,0,1.61
98,Gobabis,NA,2022-01-30 19:37:35,-22.45,18.9667,67.23,85,99,15.48
99,Beira,MZ,2022-01-30 19:37:35,-19.8436,34.8389,78.89,78,20,5.75
100,Apolda,DE,2022-01-30 19:37:35,51.0167,11.5,40.8,61,34,4.0
101,San Cristobal,VE,2022-01-30 19:37:36,7.7669,-72.225,71.78,56,99,6.13
102,Piacabucu,BR,2022-01-30 19:37:36,-10.4056,-36.4344,82.76,70,73,11.34
103,Rocha,UY,2022-01-30 19:37:36,-34.4833,-54.3333,81.99,46,0,9.46
104,Saint-Augustin,CA,2022-01-30 19:37:37,51.226,-58.6502,29.62,95,100,23.78
105,Arlit,NE,2022-01-30 19:33:18,18.7369,7.3853,66.94,14,0,15.79
106,Havre-Saint-Pierre,CA,2022-01-30 19:37:37,50.2334,-63.5986,12.79,78,100,17.27
107,Vangaindrano,MG,2022-01-30 19:37:37,-23.35,47.6,74.68,80,40,4.83
108,Cerrito,CO,2022-01-30 19:37:38,6.8432,-72.694,56.59,65,100,3.31
109,Sarno,IT,2022-01-30 19:37:38,40.8108,14.6198,54.61,91,93,1.57
110,Mandiana,GN,2022-01-30 19:37:38,10.6333,-8.6833,81.79,14,45,4.14
111,Saint-Francois,FR,2022-01-30 19:37:39,46.4154,3.9054,42.24,87,100,3.44
112,Cascais,PT,2022-01-30 19:37:39,38.6979,-9.4215,59.05,44,0,5.01
113,Adrar,MR,2022-01-30 19:37:39,20.5022,-10.0711,78.6,11,99,8.19
114,Pontal Do Parana,BR,2022-01-30 19:37:40,-25.6533,-48.5128,80.26,93,100,3.74
115,Chake Chake,TZ,2022-01-30 19:37:40,-5.2459,39.7666,78.22,81,99,8.93
116,Balkanabat,TM,2022-01-30 19:37:40,39.5108,54.3671,45.54,48,91,8.86
117,Aboso,GH,2022-01-30 19:37:41,5.3617,-1.9473,77.56,73,100,5.14
118,Teya,RU,2022-01-30 19:37:41,60.3778,92.6267,-8.19,100,99,2.75
119,Ust-Charyshskaya Pristan,RU,2022-01-30 19:37:41,52.3934,83.6635,3.47,92,95,2.64
120,Rawson,AR,2022-01-30 19:37:42,-43.3002,-65.1023,62.1,41,53,18.03
121,Nouadhibou,MR,2022-01-30 19:37:42,20.931,-17.0347,67.98,68,100,14.97
122,Badou,TG,2022-01-30 19:37:42,7.5833,0.6,77.34,14,48,4.5
123,Harper,LR,2022-01-30 19:37:43,4.375,-7.7169,80.2,83,67,7.43
124,Carnarvon,AU,2022-01-30 19:37:43,-24.8667,113.6333,78.87,83,88,19.57
125,Polignano A Mare,IT,2022-01-30 19:37:43,40.9959,17.2159,49.01,50,0,6.11
126,Kashan,IR,2022-01-30 19:37:44,33.9831,51.4364,38.79,44,0,4.61
127,Kousseri,CM,2022-01-30 19:37:44,12.0769,15.0306,75.16,11,53,11.5
128,Georgetown,MY,2022-01-30 19:33:34,5.4112,100.3354,82.89,88,20,1.99
129,Luderitz,NA,2022-01-30 19:37:44,-26.6481,15.1594,68.14,81,88,3.6
130,Sunndalsora,NO,2022-01-30 19:37:45,62.6754,8.5515,32.05,90,100,9.71
131,Sabha,LY,2022-01-30 19:37:45,27.0377,14.4283,48.6,44,0,8.55
132,Cap Malheureux,MU,2022-01-30 19:37:45,-19.9842,57.6142,81.09,77,98,4.0
133,Touros,BR,2022-01-30 19:37:46,-5.1989,-35.4608,86.9,71,96,13.09
134,Havelock,US,2022-01-30 19:37:46,34.8791,-76.9013,44.06,38,5,8.01
135,Praia Da Vitoria,PT,2022-01-30 19:37:46,38.7333,-27.0667,59.25,82,75,23.49
136,Narsaq,GL,2022-01-30 19:37:47,60.9167,-46.05,10.62,65,100,11.99
137,Dourbali,TD,2022-01-30 19:38:47,11.8091,15.8632,69.62,14,72,11.45
138,Tallahassee,US,2022-01-30 19:35:08,30.4383,-84.2807,61.0,38,20,1.01
139,Tshane,BW,2022-01-30 19:38:47,-24.0196,21.8684,71.15,71,100,11.83
140,Callaway,US,2022-01-30 19:38:48,30.153,-85.5699,63.18,50,0,5.01
141,Sao Filipe,CV,2022-01-30 19:38:48,14.8961,-24.4956,71.76,71,100,14.16
142,Vila Franca Do Campo,PT,2022-01-30 19:37:08,37.7167,-25.4333,58.19,78,69,15.17
143,Atar,MR,2022-01-30 19:38:49,20.5169,-13.0499,82.06,10,100,6.82
144,Quatre Cocos,MU,2022-01-30 19:38:49,-20.2078,57.7625,80.71,83,100,17.09
145,Sechura,PE,2022-01-30 19:38:50,-5.5569,-80.8222,80.85,58,67,13.73
146,Najran,SA,2022-01-30 19:38:50,17.4924,44.1277,61.45,28,17,2.39
147,Ojus,US,2022-01-30 19:34:33,25.9484,-80.1506,63.01,31,0,1.01
148,Takoradi,GH,2022-01-30 19:38:50,4.8845,-1.7554,79.86,80,95,7.31
149,Boden,SE,2022-01-30 19:38:51,65.8252,21.6886,1.4,95,11,5.21
150,Comodoro Rivadavia,AR,2022-01-30 19:38:51,-45.8667,-67.5,60.66,31,40,19.57
151,Zabid,YE,2022-01-30 19:38:51,14.1951,43.3152,76.51,64,50,8.88
152,Mizque,BO,2022-01-30 19:38:52,-17.941,-65.3402,75.7,49,57,9.04
153,Constitucion,CL,2022-01-30 19:36:52,-35.3333,-72.4167,69.12,65,9,19.82
154,Belyy Yar,RU,2022-01-30 19:38:52,53.6039,91.3903,-20.15,82,100,2.24
155,Iquique,CL,2022-01-30 19:37:05,-20.2208,-70.1431,73.44,68,1,3.27
156,Itarema,BR,2022-01-30 19:38:53,-2.9248,-39.9167,75.34,83,100,11.14
157,Torrijos,ES,2022-01-30 19:38:53,39.9819,-4.2835,53.83,33,10,1.14
158,Berja,ES,2022-01-30 19:38:53,36.8469,-2.9497,59.13,44,0,1.79
159,Los Llanos De Aridane,ES,2022-01-30 19:35:15,28.6585,-17.9182,60.55,85,8,4.0
160,Ekibastuz,KZ,2022-01-30 19:38:54,51.6667,75.3667,11.12,87,35,13.02
161,Dingle,PH,2022-01-30 19:38:04,10.9995,122.6711,74.79,93,52,3.56
162,Cockburn Town,TC,2022-01-30 19:35:54,21.4612,-71.1419,75.16,69,75,13.8
163,Tatarsk,RU,2022-01-30 19:38:54,55.219,75.9828,12.18,97,87,6.67
164,Kuloy,RU,2022-01-30 19:38:55,61.0305,42.4925,5.54,97,99,5.21
165,Jilib,SO,2022-01-30 19:38:55,0.4883,42.7854,75.25,77,56,9.98
166,Ndjole,GA,2022-01-30 19:38:55,-0.1783,10.7649,77.27,88,100,3.31
167,Ilo,PE,2022-01-30 19:38:56,-17.6394,-71.3375,71.42,67,24,7.0
168,Totma,RU,2022-01-30 19:38:56,59.9747,42.7642,1.53,100,96,3.74
169,Antalaha,MG,2022-01-30 19:34:32,-14.9003,50.2788,75.88,88,19,7.78
170,Caravelas,BR,2022-01-30 19:38:56,-17.7125,-39.2481,82.99,75,25,12.24
171,Fort-Shevchenko,KZ,2022-01-30 19:38:57,44.5086,50.263,37.33,87,72,11.61
172,Makushino,RU,2022-01-30 19:38:57,55.2103,67.2442,10.06,96,100,7.2
173,Grenaa,DK,2022-01-30 19:38:57,56.4158,10.8783,36.84,81,68,14.32
174,Santa Cruz,BO,2022-01-30 19:38:58,-17.8,-63.1667,96.26,31,40,9.22
175,Kisangani,CD,2022-01-30 19:38:58,0.5167,25.2,74.79,41,99,0.94
176,Lagoa,PT,2022-01-30 19:38:52,39.05,-27.9833,57.9,69,18,23.82
177,Vestmannaeyjar,IS,2022-01-30 19:38:58,63.4427,-20.2734,31.55,62,100,39.1
178,Veraval,IN,2022-01-30 19:38:59,20.9,70.3667,67.21,61,0,10.47
179,San Luis,AR,2022-01-30 19:38:59,-33.295,-66.3356,93.24,19,1,5.79
180,Leshukonskoye,RU,2022-01-30 19:38:59,64.8989,45.7622,9.63,95,100,6.08
181,Oeiras,BR,2022-01-30 19:39:00,-7.0253,-42.1311,87.58,51,52,3.91
182,Ventspils,LV,2022-01-30 19:40:00,57.3894,21.5606,31.93,93,100,27.63
183,Kushmurun,KZ,2022-01-30 19:40:01,52.4503,64.6311,9.39,96,53,9.91
184,Axim,GH,2022-01-30 19:40:01,4.8699,-2.2405,79.9,81,100,8.79
185,Vagur,FO,2022-01-30 19:40:02,61.4732,-6.8119,38.95,97,100,23.51
186,Nuuk,GL,2022-01-30 19:40:02,64.1835,-51.7216,12.81,79,75,10.36
187,Vityazevo,RU,2022-01-30 19:40:02,44.9931,37.2719,43.21,70,75,17.9
188,Samana,DO,2022-01-30 19:37:21,19.2056,-69.3369,86.22,70,40,11.5
189,Visnes,NO,2022-01-30 19:40:03,59.3556,5.2242,36.82,75,75,6.91
190,Bambous Virieux,MU,2022-01-30 19:39:18,-20.3428,57.7575,80.85,83,40,13.8
191,Concarneau,FR,2022-01-30 19:40:03,47.875,-3.9225,50.83,86,100,5.66
192,Briceno,CO,2022-01-30 19:40:04,7.111,-75.5515,74.35,67,96,6.15
193,Trincomalee,LK,2022-01-30 19:40:04,8.5711,81.2335,79.29,80,4,12.53
194,Vardo,NO,2022-01-30 19:40:04,70.3705,31.1107,28.38,80,75,5.75
195,Verkhovazhye,RU,2022-01-30 19:40:05,60.7472,42.0465,6.03,98,98,4.38
196,Olinda,BR,2022-01-30 19:38:26,-8.0089,-34.8553,83.93,74,40,10.36
197,Bathsheba,BB,2022-01-30 19:40:05,13.2167,-59.5167,83.01,61,40,19.57
198,Nosy Varika,MG,2022-01-30 19:40:05,-20.5833,48.5333,74.12,79,3,2.89
199,Mabaruma,GY,2022-01-30 19:40:06,8.2,-59.7833,83.05,58,30,7.83
200,Sumter,US,2022-01-30 19:40:06,28.7086,-82.0831,59.2,23,0,4.16
201,Kutum,SD,2022-01-30 19:40:06,14.2,24.6667,58.75,14,1,12.91
202,Prieta,HN,2022-01-30 19:40:07,15.5833,-86.1833,71.02,99,100,1.77
203,Saldanha,ZA,2022-01-30 19:40:07,-33.0117,17.9442,69.85,90,64,12.12
204,Olafsvik,IS,2022-01-30 19:40:08,64.8945,-23.7142,29.21,57,100,38.12
205,Rio Gallegos,AR,2022-01-30 19:39:06,-51.6226,-69.2181,57.25,33,40,34.52
206,Hermon,US,2022-01-30 19:40:08,44.8101,-68.9134,22.73,53,0,12.66
207,Muli,MV,2022-01-30 19:40:09,2.9167,73.5667,81.95,77,60,11.88
208,Yanam,IN,2022-01-30 19:40:09,16.7333,82.2167,65.35,96,2,1.83
209,Neyvo-Shaytanskiy,RU,2022-01-30 19:40:09,57.7286,61.2496,6.33,97,100,0.69
210,Kavaratti,IN,2022-01-30 19:40:10,10.5669,72.642,81.34,72,15,10.92
211,Macamic,CA,2022-01-30 19:40:10,48.7502,-78.9996,8.83,81,100,8.3
212,Rypefjord,NO,2022-01-30 19:40:10,70.6333,23.6667,30.67,69,40,9.22
213,Rioja,AR,2022-01-30 19:40:11,-29.4111,-66.8507,89.35,37,0,4.97
214,Kahama,TZ,2022-01-30 19:40:11,-3.8333,32.6,64.9,94,100,4.41
215,Nohar,IN,2022-01-30 19:40:11,29.1833,74.7667,58.96,31,0,4.97
216,Gurupa,BR,2022-01-30 19:40:12,-1.405,-51.64,77.79,95,92,1.95
217,Talara,PE,2022-01-30 19:40:12,-4.5772,-81.2719,83.16,54,0,14.97
218,Waddan,LY,2022-01-30 19:40:12,29.1614,16.139,48.25,57,7,5.55
219,Sambava,MG,2022-01-30 19:40:13,-14.2667,50.1667,78.21,86,69,12.77
220,Mao,ES,2022-01-30 19:40:13,39.8885,4.2658,50.56,81,0,8.05
221,Henties Bay,NA,2022-01-30 19:40:13,-22.116,14.2845,66.85,80,100,6.15
222,Vigia Del Fuerte,CO,2022-01-30 19:40:14,6.5789,-76.8863,83.14,65,99,5.57
223,Mehamn,NO,2022-01-30 19:40:03,71.0357,27.8492,32.18,63,79,22.41
224,Seminole,US,2022-01-30 19:40:14,28.7086,-81.2081,58.62,27,0,3.44
225,Nykoping,SE,2022-01-30 19:40:14,58.753,17.0079,34.43,65,75,3.0
226,Villazon,BO,2022-01-30 19:40:15,-22.0866,-65.5942,59.86,53,97,16.75
227,Mayumba,GA,2022-01-30 19:40:15,-3.432,10.6554,78.03,86,100,3.42
228,Estelle,US,2022-01-30 19:40:15,29.8458,-90.1067,68.05,40,0,13.8
229,Bud,US,2022-01-30 19:40:16,39.447,-86.1758,40.24,53,79,11.72
230,Shelburne,CA,2022-01-30 19:41:16,44.0787,-80.2041,21.67,67,94,8.05
231,Cartagena,CO,2022-01-30 19:36:51,10.3997,-75.5144,87.42,51,20,23.02
232,Sao Joao Da Barra,BR,2022-01-30 19:41:17,-21.6403,-41.0511,84.29,84,33,10.47
233,Tarrafal,CV,2022-01-30 19:41:17,15.2833,-23.7667,70.59,73,100,19.77
234,Pimentel,PE,2022-01-30 19:39:03,-6.8367,-79.9342,79.09,53,0,17.27
235,Bonthe,SL,2022-01-30 19:41:17,7.5264,-12.505,79.54,77,8,10.94
236,Hofn,IS,2022-01-30 19:41:18,64.2539,-15.2082,26.62,48,0,23.96
237,Cacapava Do Sul,BR,2022-01-30 19:41:18,-30.5122,-53.4914,78.64,44,77,12.19
238,Cidreira,BR,2022-01-30 19:38:45,-30.1811,-50.2056,75.99,62,0,17.25
239,Komsomolets,KZ,2022-01-30 19:41:18,53.7453,62.0708,4.12,97,33,6.46
240,Portobelo,PA,2022-01-30 19:41:19,9.55,-79.65,89.85,59,0,13.15
241,Ambilobe,MG,2022-01-30 19:41:19,-13.2,49.05,75.43,93,100,2.21
242,Novaya Zaimka,RU,2022-01-30 19:41:19,56.4857,66.9241,9.68,96,100,4.88
243,Alta,NO,2022-01-30 19:37:14,69.9689,23.2717,6.04,85,20,2.3
244,Pangnirtung,CA,2022-01-30 19:41:20,66.1451,-65.7125,-18.4,63,40,0.0
245,Marawi,PH,2022-01-30 19:41:20,7.9986,124.2928,65.64,92,9,1.41
246,Baghmara,IN,2022-01-30 19:41:20,23.795,86.2085,58.51,48,6,1.3
247,Miandrivazo,MG,2022-01-30 19:41:21,-19.5167,45.4667,80.46,78,48,5.32
248,Urdoma,RU,2022-01-30 19:41:21,61.7533,48.5442,-1.43,99,68,3.27
249,Brae,GB,2022-01-30 19:41:21,60.3964,-1.353,39.11,93,100,16.64
250,Miraflores,MX,2022-01-30 19:41:22,19.2167,-98.8083,68.65,26,1,5.23
251,Muros,ES,2022-01-30 19:41:22,42.7762,-9.0603,54.23,77,0,4.0
252,Hambantota,LK,2022-01-30 19:41:22,6.1241,81.1185,76.68,88,7,12.3
253,Kanniyakumari,IN,2022-01-30 19:41:23,8.0833,77.5667,78.26,84,0,15.01
254,Chitipa,MW,2022-01-30 19:41:23,-9.7024,33.2697,62.04,97,100,2.04
255,Sanica,BA,2022-01-30 19:41:23,44.6142,16.6411,34.54,83,2,4.68
256,Port-Gentil,GA,2022-01-30 19:41:24,-0.7193,8.7815,81.27,79,100,8.75
257,Hualmay,PE,2022-01-30 19:41:24,-11.0964,-77.6139,74.12,73,100,11.05
258,Puerto Cabello,VE,2022-01-30 19:41:24,10.4731,-68.0125,75.43,78,17,5.03
259,Saraland,US,2022-01-30 19:41:25,30.8207,-88.0706,65.55,42,0,8.99
260,Road Town,VG,2022-01-30 19:41:25,18.4167,-64.6167,82.49,65,20,9.22
261,Turayf,SA,2022-01-30 19:41:25,31.6725,38.6637,44.85,53,0,16.11
262,Kruisfontein,ZA,2022-01-30 19:40:32,-34.0033,24.7314,72.88,91,95,8.37
263,Kazerun,IR,2022-01-30 19:41:26,29.6195,51.6541,51.66,53,96,1.97
264,Zaykovo,RU,2022-01-30 19:41:26,57.5613,62.7568,7.07,97,100,1.61
265,Lockport,US,2022-01-30 19:41:26,41.5895,-88.0578,32.04,71,0,7.0
266,Dole,FR,2022-01-30 19:41:27,47.0833,5.5,40.91,100,100,2.3
267,Hobyo,SO,2022-01-30 19:37:45,5.3505,48.5268,76.87,77,97,17.34
268,Yadrin,RU,2022-01-30 19:41:27,55.9405,46.2062,21.2,96,100,4.79
269,Ancud,CL,2022-01-30 19:38:40,-41.8697,-73.8203,62.13,55,42,12.41
270,Walvis Bay,NA,2022-01-30 19:41:27,-22.9575,14.5053,67.15,94,100,8.05
271,Icod De Los Vinos,ES,2022-01-30 19:41:28,28.3724,-16.7119,64.15,82,7,2.26
272,Mount Darwin,ZW,2022-01-30 19:41:28,-16.7725,31.5838,63.99,89,1,2.08
273,Madaoua,NE,2022-01-30 19:40:01,14.073,5.96,71.02,11,0,15.52
274,Felanitx,ES,2022-01-30 19:41:28,39.4696,3.1483,52.45,80,0,9.28
275,Andenes,NO,2022-01-30 19:41:29,69.3143,16.1194,28.38,86,75,13.8
276,Otavi,NA,2022-01-30 19:41:29,-19.65,17.3333,67.69,88,100,8.01
277,Mezen,RU,2022-01-30 19:41:29,65.8522,44.24,8.78,96,100,5.82
278,Lulea,SE,2022-01-30 19:41:30,65.5842,22.1547,1.47,92,0,6.91
279,Rio De Janeiro,BR,2022-01-30 19:38:18,-22.9028,-43.2075,80.55,82,75,14.97
280,Cap-Haitien,HT,2022-01-30 19:42:30,19.7578,-72.2042,75.96,77,19,11.3
281,Rock Sound,BS,2022-01-30 19:42:30,24.9,-76.2,65.35,64,96,12.88
282,San Ignacio,BZ,2022-01-30 19:42:31,17.1561,-89.0714,73.54,100,75,4.61
283,Mecca,SA,2022-01-30 19:42:31,21.4267,39.8261,68.85,58,98,5.23
284,Birao,CF,2022-01-30 19:42:32,10.2849,22.7882,71.26,17,72,6.13
285,Parfenyevo,RU,2022-01-30 19:42:32,58.484,43.4088,11.8,97,98,6.04
286,Berlevag,NO,2022-01-30 19:42:32,70.8578,29.0864,30.15,93,75,13.8
287,Brikama,GM,2022-01-30 19:42:33,13.2714,-16.6494,78.84,57,100,6.91
288,Gamba,GA,2022-01-30 19:42:33,-2.65,10.0,78.01,84,100,3.51
289,Pangody,RU,2022-01-30 19:42:33,65.85,74.4859,-9.94,100,89,6.55
290,Moramanga,MG,2022-01-30 19:42:34,-18.9333,48.2,66.06,94,100,3.31
291,Tahta,EG,2022-01-30 19:42:34,26.7693,31.5021,55.72,41,25,6.08
292,Holzwickede,DE,2022-01-30 19:42:34,51.5,7.6333,40.48,75,20,10.36
293,Yantzaza,EC,2022-01-30 19:38:32,-3.8278,-78.7594,84.9,52,100,1.43
294,San-Pedro,CI,2022-01-30 19:42:35,4.7485,-6.6363,79.7,86,8,6.69
295,Oum Hadjer,TD,2022-01-30 19:42:35,13.2954,19.6966,70.09,14,2,12.73
296,Beloha,MG,2022-01-30 19:42:35,-25.1667,45.05,73.58,72,97,14.27
297,Dinguiraye,GN,2022-01-30 19:42:36,11.3,-10.7167,80.49,14,58,2.57
298,Sinnamary,GF,2022-01-30 19:40:28,5.3833,-52.95,78.67,82,50,9.98
299,Tombouctou,ML,2022-01-30 19:42:36,20.0,-3.0,75.72,13,58,12.19
300,Somovo,RU,2022-01-30 19:42:36,51.741,39.3665,27.1,93,100,11.18
301,Livramento,BR,2022-01-30 19:42:37,-3.0254,-60.1803,84.88,79,75,4.61
302,Bozdar,PK,2022-01-30 19:42:37,27.1828,68.636,57.27,34,0,1.99
303,Shinpokh,PK,2022-01-30 19:42:37,34.3292,71.1782,49.41,38,15,4.56
304,Acarau,BR,2022-01-30 19:42:38,-2.8856,-40.12,75.51,83,100,12.15
305,Altea,ES,2022-01-30 19:42:38,38.5989,-0.0514,55.38,43,0,9.01
306,Oskarshamn,SE,2022-01-30 19:42:38,57.2645,16.4484,37.17,56,6,16.84
307,Garissa,KE,2022-01-30 19:42:39,-0.4536,39.6401,84.79,38,19,10.71
308,Qarqin,AF,2022-01-30 19:42:39,37.4185,66.0436,43.57,61,0,3.44
309,Kissamos,GR,2022-01-30 19:42:39,35.4939,23.6569,54.91,84,97,6.26
310,Nalut,LY,2022-01-30 19:42:40,30.3333,10.85,45.77,44,0,4.83
311,Sherbrooke,CA,2022-01-30 19:39:54,45.4001,-71.8991,15.08,42,20,11.5
312,Illapel,CL,2022-01-30 19:42:40,-31.6308,-71.1653,76.98,51,1,9.17
313,Bonavista,CA,2022-01-30 19:42:40,48.6499,-53.1147,37.4,73,100,35.9
314,Kautokeino,NO,2022-01-30 19:42:41,69.0125,23.0412,-7.1,99,17,3.06
315,Milove,UA,2022-01-30 19:42:41,49.3787,40.1302,31.5,95,100,18.92
316,Madimba,TZ,2022-01-30 19:42:41,-10.4,40.3333,76.51,85,28,1.25
317,Chipinge,ZW,2022-01-30 19:42:42,-20.1883,32.6236,61.92,84,57,4.45
318,San Rafael,AR,2022-01-30 19:40:37,-34.6177,-68.3301,87.33,25,0,8.12
319,Weligama,LK,2022-01-30 19:42:42,5.9667,80.4167,75.72,92,19,5.99
320,Dorogobuzh,RU,2022-01-30 19:42:42,54.915,33.2972,30.63,93,97,7.43
321,Moron,AR,2022-01-30 19:42:43,-34.6534,-58.6198,89.02,46,1,5.99
322,Warrington,GB,2022-01-30 19:43:43,53.3925,-2.5802,48.88,87,100,7.0
323,Bayir,TR,2022-01-30 19:43:44,37.2687,28.2167,43.32,88,96,2.26
324,Abalak,RU,2022-01-30 19:43:44,58.1286,68.5944,-3.64,100,100,3.94
325,Faya,SA,2022-01-30 19:41:34,18.3851,42.4509,57.31,81,14,5.03
326,Jalu,LY,2022-01-30 19:43:44,29.0331,21.5482,55.11,60,61,15.97
327,Bad Laasphe,DE,2022-01-30 19:43:45,50.9333,8.4,35.47,68,54,5.21
328,Iqaluit,CA,2022-01-30 19:43:45,63.7506,-68.5145,-11.47,77,75,4.61
329,Manadhoo,MV,2022-01-30 19:43:45,5.7667,73.3833,81.93,76,15,14.99
330,Rorvik,NO,2022-01-30 19:43:46,64.8621,11.2373,33.78,74,40,6.91
331,Kigoma,TZ,2022-01-30 19:43:46,-4.8769,29.6267,73.27,84,100,7.56
332,Zverinogolovskoye,RU,2022-01-30 19:43:46,54.4586,64.8542,9.0,94,100,5.86
333,La Asuncion,VE,2022-01-30 19:43:47,11.0333,-63.8628,80.33,78,39,11.5
334,Isiro,CD,2022-01-30 19:43:47,2.7739,27.616,70.02,37,94,2.98
335,Sidrolandia,BR,2022-01-30 19:43:47,-20.9319,-54.9614,81.39,75,42,7.07
336,Ous,RU,2022-01-30 19:43:48,60.9058,61.5186,-7.38,100,100,1.3
337,Qandala,SO,2022-01-30 19:43:48,11.472,49.8728,74.88,75,96,5.06
338,Huarmey,PE,2022-01-30 19:43:48,-10.0681,-78.1522,73.6,77,100,9.55
339,Valea Stanciului,RO,2022-01-30 19:43:49,43.9833,23.8667,40.44,60,12,22.03
340,Janakpur,NP,2022-01-30 19:43:49,26.7183,85.9065,54.7,67,0,2.44
341,Namibe,AO,2022-01-30 19:43:49,-15.1961,12.1522,73.15,73,100,6.06
342,Athens,GR,2022-01-30 19:43:50,37.9795,23.7162,48.18,70,20,1.99
343,Ulagan,RU,2022-01-30 19:43:50,50.6321,87.9563,-9.89,86,77,1.99
344,Bossangoa,CF,2022-01-30 19:43:50,6.4926,17.4552,75.87,19,100,4.99
345,Akdepe,TM,2022-01-30 19:43:51,42.0551,59.3788,28.49,70,100,10.16
346,Soubre,CI,2022-01-30 19:43:51,5.7856,-6.6083,80.44,54,33,5.01
347,Tambopata,PE,2022-01-30 19:40:18,-12.7333,-69.1833,80.49,78,75,6.91
348,Porto,PT,2022-01-30 19:42:44,41.1496,-8.611,57.22,47,0,1.99
349,Starkville,US,2022-01-30 19:43:51,33.4504,-88.8184,62.8,36,8,10.54
350,Ouesso,CG,2022-01-30 19:43:52,1.6136,16.0517,75.4,27,100,2.53
351,Kitob,UZ,2022-01-30 19:43:52,39.0843,66.8332,32.58,59,0,4.05
352,Havoysund,NO,2022-01-30 19:43:52,70.9963,24.6622,32.23,65,86,15.17
353,Thompson,CA,2022-01-30 19:43:53,55.7435,-97.8558,5.16,72,20,4.61
354,Tarascon,FR,2022-01-30 19:43:53,43.8058,4.6603,50.23,70,1,25.23
355,Bhadravati,IN,2022-01-30 19:43:53,13.8667,75.7167,72.63,54,50,1.9
356,Alegrete,BR,2022-01-30 19:43:54,-29.7831,-55.7919,93.09,23,0,5.17
357,Malartic,CA,2022-01-30 19:43:54,48.1335,-78.1328,10.02,76,100,8.66
358,Labytnangi,RU,2022-01-30 19:43:54,66.6572,66.4183,-10.21,100,95,2.93
359,Zlocieniec,PL,2022-01-30 19:39:13,53.5329,16.0113,35.69,66,7,18.3
360,Santa Rosa,PH,2022-01-30 19:43:55,14.3122,121.1114,79.86,79,49,11.07
361,Biltine,TD,2022-01-30 19:43:55,14.5333,20.9167,67.68,14,1,10.42
362,Saint-Pierre,RE,2022-01-30 19:41:28,-21.3393,55.4781,78.48,78,5,12.66
363,Mezhdurechensk,RU,2022-01-30 19:43:56,53.6942,88.0603,-4.13,98,14,3.06
364,Abonnema,NG,2022-01-30 19:43:56,4.7084,6.7931,77.67,47,68,6.08
365,Kolobrzeg,PL,2022-01-30 19:43:56,54.1757,15.5834,41.97,69,0,22.7
366,Staryy Krym,UA,2022-01-30 19:43:57,45.0333,35.1,35.31,82,100,12.53
367,Beisfjord,NO,2022-01-30 19:44:57,68.3751,17.5988,10.45,90,62,6.91
368,Morondava,MG,2022-01-30 19:44:57,-20.2833,44.2833,82.6,73,34,11.61
369,Oudtshoorn,ZA,2022-01-30 19:44:58,-33.5907,22.2014,66.56,76,58,4.18
370,Tumaco,CO,2022-01-30 19:44:58,1.7986,-78.8156,79.5,80,100,6.58
371,Ciudad Bolivar,VE,2022-01-30 19:44:58,8.1222,-63.5497,93.54,25,65,8.05
372,Nikolskoye,RU,2022-01-30 19:44:59,59.7035,30.7861,28.4,96,100,7.14
373,Coruripe,BR,2022-01-30 19:44:59,-10.1256,-36.1756,82.78,68,79,12.77
374,San Carlos De Bariloche,AR,2022-01-30 19:44:59,-41.1456,-71.3082,62.24,21,20,23.02
375,Mugan,CN,2022-01-30 19:45:00,35.9404,101.3842,12.11,47,2,3.89
376,Khargone,IN,2022-01-30 19:45:00,21.8167,75.6,66.0,26,0,3.91
377,Dembi Dolo,ET,2022-01-30 19:45:00,8.5333,34.8,66.54,37,44,3.78
378,Ardesen,TR,2022-01-30 19:45:01,41.1911,40.9875,44.56,64,95,7.52
379,Wattegama,LK,2022-01-30 19:45:01,6.7989,81.4808,72.25,96,34,4.05
380,Almaty,KZ,2022-01-30 19:41:41,43.25,76.95,21.11,93,40,4.47
381,Channel-Port Aux Basques,CA,2022-01-30 19:45:01,47.5702,-59.1367,25.11,79,100,34.23
382,Mananjary,MG,2022-01-30 19:45:02,-21.2167,48.3333,74.46,77,0,1.52
383,Madawaska,US,2022-01-30 19:45:02,47.3561,-68.3288,17.65,57,40,9.22
384,Taltal,CL,2022-01-30 19:45:02,-25.4,-70.4833,68.34,71,32,7.61
385,Bilma,NE,2022-01-30 19:45:03,18.6853,12.9164,61.75,15,0,15.3
386,Kolosovka,RU,2022-01-30 19:45:03,56.4678,73.611,6.01,97,88,6.44
387,Asyut,EG,2022-01-30 19:45:03,27.181,31.1837,53.78,45,3,6.89
388,Atbasar,KZ,2022-01-30 19:45:04,51.8,68.3333,11.95,95,100,11.79
389,Barcelos,PT,2022-01-30 19:40:53,41.5388,-8.6151,57.85,63,1,3.98
390,Praia,CV,2022-01-30 19:42:53,14.9215,-23.5087,70.34,68,75,19.57
391,Key West,US,2022-01-30 19:45:04,24.5557,-81.7826,62.6,42,0,12.66
392,Aliganj,IN,2022-01-30 19:45:05,27.5,79.1833,54.43,65,0,4.99
393,Zinder,NE,2022-01-30 19:45:05,13.8072,8.9881,64.53,12,8,12.39
394,Vigrestad,NO,2022-01-30 19:45:05,58.5667,5.7,36.59,63,100,1.41
395,Beirut,LB,2022-01-30 19:45:06,33.8889,35.4944,52.54,58,100,5.75
396,Osterholz-Scharmbeck,DE,2022-01-30 19:45:06,53.2333,8.8,39.65,82,100,1.99
397,Valparaiso,CL,2022-01-30 19:45:06,-33.0393,-71.6273,71.24,66,0,11.5
398,Camacha,PT,2022-01-30 19:45:07,33.0833,-16.3333,61.56,82,40,18.41
399,Bulaevo,KZ,2022-01-30 19:45:07,54.9056,70.4439,12.47,92,100,9.24
400,Wladyslawowo,PL,2022-01-30 19:45:07,54.7909,18.4009,38.93,68,100,30.44
401,Paratinga,BR,2022-01-30 19:45:08,-12.6906,-43.1842,81.05,73,48,0.89
402,Bartica,GY,2022-01-30 19:45:08,6.4,-58.6167,80.92,62,81,4.45
403,Ceres,US,2022-01-30 19:45:08,37.5949,-120.9577,60.67,66,0,5.75
404,Sahy,SK,2022-01-30 19:45:09,48.0741,18.9495,43.92,72,86,25.66
405,Port-Cartier,CA,2022-01-30 19:44:45,50.0334,-66.8654,8.82,73,97,13.71
406,Verkhnyaya Inta,RU,2022-01-30 19:45:09,65.9811,60.3094,-0.4,91,99,4.68
407,Taoudenni,ML,2022-01-30 19:45:09,22.6783,-3.9836,76.62,14,96,15.1
408,Cape Canaveral,US,2022-01-30 19:45:10,28.4058,-80.6048,58.08,45,0,10.36
409,Ipixuna,BR,2022-01-30 19:45:10,-1.7625,-48.8043,87.75,95,99,2.35
410,Bandarbeyla,SO,2022-01-30 19:45:10,9.4942,50.8122,75.67,74,77,15.1
411,Nantucket,US,2022-01-30 19:45:11,41.2835,-70.0995,24.91,53,0,17.27
412,Odesskoye,RU,2022-01-30 19:45:11,54.2111,72.9651,12.06,94,100,9.57
413,Eshowe,ZA,2022-01-30 19:45:11,-28.8865,31.4699,63.84,89,100,3.78
414,Oranjemund,NA,2022-01-30 19:46:12,-28.55,16.4333,67.75,81,94,8.59
415,Tazovskiy,RU,2022-01-30 19:46:12,67.4667,78.7,-10.41,98,99,8.19
416,Kano,NG,2022-01-30 19:46:12,12.0001,8.5167,67.89,26,25,4.61
417,Lilongwe,MW,2022-01-30 19:44:29,-13.9669,33.7873,63.57,97,46,0.58
418,Sinnar,SD,2022-01-30 19:46:13,13.5691,33.5672,72.32,17,6,13.35
419,Nioro,GM,2022-01-30 19:46:13,13.35,-15.75,89.08,13,61,6.2
420,Dharchula,IN,2022-01-30 19:46:14,29.85,80.5333,46.26,50,1,7.11
421,Penzance,GB,2022-01-30 19:46:14,50.1186,-5.5371,51.01,82,54,23.62
422,Umm Lajj,SA,2022-01-30 19:46:14,25.0213,37.2685,65.55,59,100,10.07
423,Pokaran,IN,2022-01-30 19:46:15,26.9167,71.9167,64.65,28,0,5.61
424,Zheshart,RU,2022-01-30 19:46:15,62.0731,49.5733,0.64,99,69,3.38
425,Ampanihy,MG,2022-01-30 19:46:16,-24.7,44.75,70.79,71,84,10.02
426,Salamiyah,SY,2022-01-30 19:46:16,35.0113,37.0532,44.69,71,99,6.96
427,La Rioja,ES,2022-01-30 19:46:16,42.25,-2.5,40.32,58,0,5.79
428,Grand Gaube,MU,2022-01-30 19:46:17,-20.0064,57.6608,81.0,77,100,5.01
429,Saumur,FR,2022-01-30 19:46:17,47.3333,-0.25,46.89,81,71,6.8
430,Kilcullen,IE,2022-01-30 19:46:18,53.1303,-6.7444,45.3,87,100,19.17
431,Salalah,OM,2022-01-30 19:42:49,17.0151,54.0924,73.49,64,0,4.61
432,Grindavik,IS,2022-01-30 19:46:18,63.8424,-22.4338,26.55,86,75,32.21
433,Vryburg,ZA,2022-01-30 19:46:18,-26.9566,24.7284,65.17,88,100,6.46
434,Lowestoft,GB,2022-01-30 19:46:19,52.4752,1.7516,42.94,84,100,17.25
435,Matara,LK,2022-01-30 19:41:38,5.9485,80.5353,75.85,92,18,7.18
436,Kilindoni,TZ,2022-01-30 19:46:19,-7.9139,39.6668,80.44,80,92,10.74
437,Mahibadhoo,MV,2022-01-30 19:46:20,3.7833,72.9667,82.24,75,100,11.86
438,Husavik,IS,2022-01-30 19:46:20,66.0449,-17.3389,24.71,76,25,22.06
439,Hata,IN,2022-01-30 19:46:21,26.7461,83.7403,52.29,79,0,2.77
440,Bardiyah,LY,2022-01-30 19:46:21,31.7561,25.0865,56.8,74,97,30.91
441,Storforshei,NO,2022-01-30 19:46:21,66.4043,14.5233,22.78,92,75,4.61
442,Baie-Saint-Paul,CA,2022-01-30 19:46:22,47.4411,-70.4986,19.38,71,2,7.85
443,Chapada Dos Guimaraes,BR,2022-01-30 19:46:22,-15.4606,-55.7497,67.66,95,100,4.18
444,Chimoio,MZ,2022-01-30 19:46:22,-19.1164,33.4833,65.25,95,7,2.06
445,Kilrush,IE,2022-01-30 19:46:23,52.6397,-9.4833,46.15,76,98,22.32
446,Bakchar,RU,2022-01-30 19:46:23,57.0186,82.0711,4.15,97,89,5.23
447,Presidencia Roque Saenz Pena,AR,2022-01-30 19:46:23,-26.7852,-60.4388,102.02,10,0,5.59
448,Ludvika,SE,2022-01-30 19:46:24,60.1496,15.1878,30.04,63,4,11.54
449,Acajutla,SV,2022-01-30 19:46:24,13.5928,-89.8275,86.81,43,0,3.13
450,Ust-Kulom,RU,2022-01-30 19:46:25,61.6864,53.6902,-6.32,100,93,2.64
451,Noyabrsk,RU,2022-01-30 19:46:25,63.1994,75.4507,6.01,92,100,8.75
452,Ginir,ET,2022-01-30 19:46:26,7.1333,40.7,59.65,18,62,6.17
453,Caconda,AO,2022-01-30 19:46:26,-13.7333,15.0667,61.23,86,100,8.14
454,Bubaque,GW,2022-01-30 19:46:26,11.2833,-15.8333,78.17,68,14,16.75
455,Beyneu,KZ,2022-01-30 19:46:27,45.3167,55.2,33.1,78,100,15.08
456,Mangrol,IN,2022-01-30 19:45:12,21.1167,70.1167,67.08,61,0,10.33
457,Bereda,ES,2022-01-30 19:46:27,43.2686,-7.5406,44.87,99,11,3.29
458,Lebork,PL,2022-01-30 19:46:27,54.5392,17.7501,38.91,62,100,20.85
459,Sept-Iles,CA,2022-01-30 19:45:31,50.2001,-66.3821,9.12,64,75,8.99
460,Inhambane,MZ,2022-01-30 19:47:28,-23.865,35.3833,78.78,88,20,5.01
461,Karlivka,UA,2022-01-30 19:47:28,49.4567,35.1295,28.6,96,100,12.73
462,Saint-Joseph,RE,2022-01-30 19:47:28,-21.3667,55.6167,77.38,80,30,13.8
463,Teshie,GH,2022-01-30 19:47:29,5.5836,-0.1072,82.96,61,100,5.75
464,Bengkulu,ID,2022-01-30 19:47:29,-3.8004,102.2655,75.76,91,100,4.0
465,Saint-Michel-Des-Saints,CA,2022-01-30 19:47:30,46.6834,-73.9159,10.94,82,100,9.51
466,Kalmunai,LK,2022-01-30 19:47:30,7.4167,81.8167,76.51,88,43,5.61
467,Kulob,TJ,2022-01-30 19:47:30,37.9145,69.783,43.56,87,75,6.71
468,Geilo,NO,2022-01-30 19:47:31,60.5333,8.2076,15.46,95,100,4.5
469,Arona,ES,2022-01-30 19:47:31,28.0996,-16.681,59.52,65,9,5.99
470,Siirt,TR,2022-01-30 19:47:31,37.9326,41.9403,29.57,84,74,3.11
471,Abnub,EG,2022-01-30 19:47:32,27.2696,31.1511,53.82,45,4,6.87
472,Lluta,PE,2022-01-30 19:47:32,-16.0147,-72.0142,53.87,43,100,9.24
473,Camabatela,AO,2022-01-30 19:47:33,-8.1881,15.375,63.03,98,100,2.98
474,Shieli,KZ,2022-01-30 19:47:33,44.1667,66.75,25.59,85,34,6.73
475,Puerto Barrios,GT,2022-01-30 19:47:33,15.7167,-88.6,71.74,73,75,6.91
476,Kudahuvadhoo,MV,2022-01-30 19:47:34,2.6708,72.8944,81.77,75,83,10.71
477,Tabora,TZ,2022-01-30 19:47:34,-5.0167,32.8,66.02,92,100,6.73
478,Novokayakent,RU,2022-01-30 19:47:34,42.3937,47.9861,32.05,71,49,4.29
479,Coquimbo,CL,2022-01-30 19:47:35,-29.9533,-71.3436,69.53,68,20,13.8
480,Soyo,AO,2022-01-30 19:47:35,-6.1349,12.3689,79.27,86,100,7.23
481,Isla Mujeres,MX,2022-01-30 19:47:36,21.2311,-86.731,71.17,58,100,10.47
482,Chupa,RU,2022-01-30 19:47:36,66.27,33.0549,-7.1,100,100,3.09
483,Eyl,SO,2022-01-30 19:47:36,7.9803,49.8164,74.91,76,99,15.5
484,Senanga,ZM,2022-01-30 19:47:37,-16.1167,23.2667,64.11,96,100,3.42
485,Koryukivka,UA,2022-01-30 19:47:37,51.7688,32.2481,31.91,95,100,12.71
486,Bharatpur,IN,2022-01-30 19:47:38,27.2167,77.4833,54.14,51,0,2.3
487,Quetame,CO,2022-01-30 19:43:21,4.3323,-73.8614,78.06,47,44,5.35
488,Prieska,ZA,2022-01-30 19:47:38,-29.6641,22.7474,79.66,42,94,3.09
489,Kangaatsiaq,GL,2022-01-30 19:47:38,68.3065,-53.4641,5.41,89,100,8.48
490,Chuka,KE,2022-01-30 19:47:39,-0.3332,37.6459,63.39,71,100,4.0
491,Ostersund,SE,2022-01-30 19:47:34,63.1792,14.6357,25.25,80,0,11.5
492,Uusikaupunki,FI,2022-01-30 19:47:39,60.8004,21.4084,25.32,90,100,18.32
493,Asmara,ER,2022-01-30 19:47:39,15.3333,38.9333,53.01,84,73,4.45
494,Marzuq,YE,2022-01-30 19:47:40,14.4,46.4667,62.31,81,5,6.11
495,Narayangarh,IN,2022-01-30 19:47:40,30.4833,77.1333,51.42,63,0,2.28
496,Kjollefjord,NO,2022-01-30 19:47:40,70.9457,27.3465,32.05,64,71,21.79
497,Fagernes,NO,2022-01-30 19:47:41,60.9858,9.2324,9.68,97,100,3.38
498,Tessalit,ML,2022-01-30 19:47:41,20.1986,1.0114,72.99,14,15,10.54
499,Aurich,DE,2022-01-30 19:47:42,53.4667,7.4833,39.92,79,75,6.91
500,Kabwe,ZM,2022-01-30 19:47:06,-14.4469,28.4464,63.75,97,100,3.76
501,Leh,IN,2022-01-30 19:47:42,34.1667,77.5833,9.12,92,100,1.59
502,Baykalovo,RU,2022-01-30 19:47:43,57.3981,63.7684,10.18,95,100,3.4
503,Stornoway,GB,2022-01-30 19:47:43,58.2093,-6.3865,39.16,92,75,13.0
504,Jumla,NP,2022-01-30 19:47:43,29.2747,82.1838,35.96,46,0,4.56
505,Shenkursk,RU,2022-01-30 19:47:44,62.1091,42.896,2.77,98,92,3.6
506,Irbil,IQ,2022-01-30 19:47:44,36.1926,44.0106,37.22,100,7,3.44
507,Washington,US,2022-01-30 19:48:44,47.5001,-120.5015,28.78,90,100,3.74
508,Mitsamiouli,KM,2022-01-30 19:48:45,-11.3847,43.2844,80.78,74,7,3.4
509,Mporokoso,ZM,2022-01-30 19:48:45,-9.3727,30.125,60.55,98,100,1.32
510,Ritchie,ZA,2022-01-30 19:48:45,-29.038,24.6028,69.01,74,100,23.09
511,Mocuba,MZ,2022-01-30 19:48:46,-16.8392,36.9856,71.62,98,10,2.51
512,Copiapo,CL,2022-01-30 19:48:46,-27.3667,-70.3333,71.29,43,0,10.27
513,Turinsk,RU,2022-01-30 19:48:46,58.0458,63.696,8.64,97,100,2.66
514,Chivay,PE,2022-01-30 19:48:47,-15.6383,-71.6011,54.55,59,100,8.77
515,Marsa Matruh,EG,2022-01-30 19:48:47,31.3525,27.2453,52.0,82,40,14.97
516,Beni,CD,2022-01-30 19:48:47,0.5,29.4667,71.4,41,94,2.13
517,Salta,AR,2022-01-30 19:48:48,-24.7859,-65.4117,82.99,49,40,4.0
518,Sembe,CG,2022-01-30 19:48:48,1.6481,14.5806,75.94,26,100,1.21
519,Selma,US,2022-01-30 19:48:49,36.5708,-119.6121,62.02,61,0,2.82
520,Sinop,TR,2022-01-30 19:48:49,41.7711,34.8709,28.76,83,100,11.59
521,Uhlove,UA,2022-01-30 19:48:49,44.8215,33.6045,39.06,92,100,16.2
522,Kathmandu,NP,2022-01-30 19:48:50,27.7167,85.3167,44.82,93,40,0.0
523,Jamame,SO,2022-01-30 19:48:50,0.0722,42.7506,76.53,76,80,12.21
524,Santa Isabel Do Rio Negro,BR,2022-01-30 19:48:50,-0.4139,-65.0192,86.11,62,100,4.0
525,San Giovanni In Fiore,IT,2022-01-30 19:48:51,39.2633,16.6996,39.67,84,27,5.93
526,Thinadhoo,MV,2022-01-30 19:48:51,0.5333,72.9333,81.68,74,94,10.16
527,Digby,CA,2022-01-30 19:48:51,44.6169,-65.7655,24.31,78,100,16.75
528,Westport,US,2022-01-30 19:48:52,41.1415,-73.3579,27.9,42,0,1.01
529,Camopi,GF,2022-01-30 19:48:52,3.1655,-52.3158,78.42,88,39,3.91
530,Menongue,AO,2022-01-30 19:48:52,-14.6585,17.691,64.49,75,100,5.64
531,Minab,IR,2022-01-30 19:48:53,27.1467,57.0801,62.92,88,0,0.0
532,Ler,SS,2022-01-30 19:48:53,8.3018,30.1418,77.95,21,95,5.32
533,Maputo,MZ,2022-01-30 19:45:34,-25.9653,32.5892,75.22,92,40,2.3
534,Pervomayskoye,RU,2022-01-30 19:48:53,43.919,46.7102,35.02,88,89,6.29
535,Karasuk,RU,2022-01-30 19:48:54,53.7377,78.0403,18.28,96,98,8.63
536,Nyagan,RU,2022-01-30 19:48:54,62.1406,65.3936,-9.58,100,100,1.68
537,Barraute,CA,2022-01-30 19:45:55,48.4335,-77.6328,10.18,83,100,8.59
538,Boa Vista,BR,2022-01-30 19:48:55,2.8197,-60.6733,91.38,38,75,14.97
539,Beaupre,CA,2022-01-30 19:48:55,47.0443,-70.8953,17.94,64,65,11.01
540,Ballina,AU,2022-01-30 19:48:55,-28.8667,153.5667,71.78,100,75,5.75
541,Penalva,BR,2022-01-30 19:48:56,-3.2942,-45.1736,78.48,88,42,4.94
542,Tabou,CI,2022-01-30 19:48:56,4.423,-7.3528,80.22,84,43,7.38
543,Severnyy,RU,2022-01-30 19:48:56,50.677,36.5532,30.24,93,100,8.95
544,Opuwo,NA,2022-01-30 19:48:57,-18.0607,13.84,68.85,46,81,14.41
545,Miguel Calmon,BR,2022-01-30 19:48:57,-11.4289,-40.595,81.5,56,85,4.34
546,Tyukhtet,RU,2022-01-30 19:48:57,56.5389,89.3011,-5.31,95,43,4.83
547,Pergine Valsugana,IT,2022-01-30 19:48:58,46.065,11.238,47.17,50,0,9.22
548,Nawa,IN,2022-01-30 19:48:58,27.0167,75.0,59.29,38,0,5.14
549,Douglas,US,2022-01-30 19:46:15,41.3,-96.167,39.97,56,0,1.99
550,Kapoeta,SS,2022-01-30 19:48:58,4.7717,33.5903,85.35,20,46,10.49
551,Schwedt,DE,2022-01-30 19:48:59,53.0596,14.2815,41.81,75,6,17.81
552,Kjopsvik,NO,2022-01-30 19:49:59,68.097,16.3742,25.18,92,96,8.23
553,Khromtau,KZ,2022-01-30 19:49:59,50.2503,58.4347,22.75,95,100,17.9
554,Vestmanna,FO,2022-01-30 19:50:00,62.1564,-7.1664,32.92,93,100,17.27
555,Daule,EC,2022-01-30 19:50:00,-1.865,-79.9792,78.98,89,100,5.75
556,Abomey-Calavi,BJ,2022-01-30 19:46:29,6.4485,2.3557,84.06,37,98,4.61
557,Bhilwara,IN,2022-01-30 19:50:01,25.35,74.6333,58.48,40,0,6.08
558,Sinazongwe,ZM,2022-01-30 19:50:01,-17.2614,27.4618,73.2,88,98,6.22
559,Edd,ER,2022-01-30 19:50:02,13.9297,41.6925,80.24,59,20,17.52
560,Marquette,US,2022-01-30 19:50:02,46.5333,-87.6335,20.77,79,100,7.07
561,Goundam,ML,2022-01-30 19:50:02,16.4145,-3.6708,79.18,11,99,11.86
562,Dudinka,RU,2022-01-30 19:50:03,69.4058,86.1778,-14.31,99,91,8.32
563,Puttur,IN,2022-01-30 19:45:55,12.7667,75.2167,78.91,87,0,1.28
564,Mehran,IR,2022-01-30 19:50:04,33.1222,46.1646,45.88,48,0,7.65
565,Zhob,PK,2022-01-30 19:50:04,31.3411,69.4481,50.0,45,0,6.11
566,Temozon,MX,2022-01-30 19:50:05,20.8,-88.2167,75.87,40,46,5.23
567,Gwanda,ZW,2022-01-30 19:50:05,-20.9333,29.0,69.62,75,50,8.05
568,Xapuri,BR,2022-01-30 19:50:05,-10.6517,-68.5044,73.89,98,100,1.68
569,Dalbandin,PK,2022-01-30 19:50:06,28.8947,64.4101,57.07,38,0,6.69
570,Keta,GH,2022-01-30 19:50:06,5.9179,0.9879,84.42,59,100,8.59
571,Fort Beaufort,ZA,2022-01-30 19:50:06,-32.7748,26.6338,68.22,92,84,1.07
